Anime;Quote
Tokyo Ghoul;Never trust anyone too much... Remember the devil was once an angel...
Tokyo Ghoul;What is right... what is wrong... you can't easily tell the difference. That's why you must keep thinking, whether what you are doing is right or not. That act itself, alone, can be called right.
Tokyo Ghoul;You're wrong. It's not the world that's messed up
Tokyo Ghoul;The sorrows of life...To not be able to live like yourself. The joys of life...To be able to die like yourself.
Tokyo Ghoul;Donato has to keep proving himself. He wants to prove just how valuable he is. Isn't that the case with you as well? Because you are the same as Donato. All you're doing is indulging in this twisted self-value that you have to yourself. And if you don't, you won't last. Eventually, you will break and become useless. Once that happens, you'll break and become discarded.
Tokyo Ghoul;After you've gobbled him down you'd be left alone to regret it while covered in blood and guts. That's the hunger of a ghoul. That's our destiny.
Tokyo Ghoul;All we can do is live while losing things.
Tokyo Ghoul;As my fingers and toes re-grew like fingernails or hair over and over and over and over... and over again, every single time I got the feeling that I truly, truly truly was a monster.
Tokyo Ghoul;Never trust anyone too much, remember the devil was once an angel.
Tokyo Ghoul;As long as it's for the right cause, there's nothing wrong with playing dirty.
Tokyo Ghoul;Why should I apologize for being a monster? Has anyone ever apologized for turning me into one?
Tokyo Ghoul;Life is a succession of committing sin. Life is evil itself. I'm conscious that I'm evil. And so are all of you.
Tokyo Ghoul;If an angelic being fell from the sky and tried to live in this world of ours, I think even they would commit many wrongs.
Tokyo Ghoul;I led me by the hand, as if to fill the niches in the memories in my oozing brain fluid. Without even a destination, we kept walking. Disgusting clouds were floating in the sky. I already know what will happen to me the next time I wake up.
Tokyo Ghoul;The bird fights it's way out of the egg. The egg is the world. Who would be born, must first destroy a world.
NANA;When you fall in love with someone, you want everything from them. Its only natural to feel that way... but real love can only happen when you want what's best for the other person and never ask for anything in return.
NANA;I always thought that life was about standing your ground, no matter how strong the current was. But going with the flow isn’t so bad after all. As long as it takes you forward.
NANA;It's dangerous here. If you stare at the stars long enough, you start thinking you could grab one, and you get this feeling like all your dreams will come true.
NANA;What am I to you anyway? You get all teary eyed whenever it suits you but you never stop to think about my feelings and how you might be messing with my heart. You want some nice guy to be a part of your life but only if its on your terms. All this talk of just being friends with a guy... don't make me laugh!
NANA;No matter how much we think we want - it's never enough. I just want one thing to go right for me. I just need something to give me the energy so I can keep going.
NANA;Why is it that making our dreams come true, and being truly happy are often two separate things?.. I still haven't figured that one out.
NANA;In the end, people are all alone, and no matter how close they cling together, they can never be one. It's impossible to make someone belong to you.
NANA;Even though it's painful sometimes, if you keep on living then good things can happen.
NANA;Being alone and being lonely are two different things.
NANA;Nobu is idealizing me, that’s why he fell in love with me. If you knew the real me, it would shatter your illusion. Then come on. Shatter my illusion. Because I don’t know what else I can do to stop loving you.
NANA;People say that if you fight, it means you're close to someone
NANA;We are all farsighted, we give importance to those things that are far from us, while neglecting the things that are close to us... only to realize their value later, when they are out-of-reach again.
NANA;Hey Nana, if Cinderella's glass slipper fits so perfectly, I wonder why it fell off along the way? I can't help but think that it was on purpose, to attract the prince's affections. No matter what I do, I'll still have the fate of a girl who just keeps getting hurt, wondering if she can be happy in this pointless, one man show?
NANA;You know, Nana... Even now, sometimes on street corners... when I meet someone, I see your shadow. I'm sure that even now, you're still wearing that man's cologne... so you can sleep, even alone...
NANA;Laugh at love and love will make you cry.
Haikyuu!!;When 'colors' mix, they become muddy and messy. But when they all blend together, the final result is the color that wins against all others... Black.
Haikyuu!!;Being the best decoy ever is as cool as being the ace.
Haikyuu!!;We'll never win if we don't believe we can.
Haikyuu!!;Do you need a reason to not want to lose?
Haikyuu!!;Before my eyes, it blocks my path. A high, high wall. What sort of scene is on the other side? What will I be able to see there? “The view from the top”. A scenery I will never be able to see on my own. But if I’m not alone, then... I might be able to see it.
Haikyuu!!;Once my stomach settles down... You better be prepared, 'cause we'll really give you something to cry about in the mat... ugh... ch... uughh...
Haikyuu!!;It's true that I'm not very tall. However! I can jump!
Haikyuu!!;I kept the ball in the air, it’s not your place to give up.
Haikyuu!!;You don’t win alone. That’s just how it is.
Haikyuu!!;The future belongs to those who believe in the beauty of their dreams.
Haikyuu!!;Little by little, what you’ve begun will naturally become important to you. What you need at the start is a little bit of curiosity.
Haikyuu!!;Because people don't have wings... We look for ways to fly.
Haikyuu!!;Does losing prove that you are weak? Isn't losing difficult for all of you? A challenge where, after ending up on your hands and knees, you must see if you can stand up again? If you stay on your hands and knees, that proves that you are weak.
Haikyuu!!;Even if we're not confident that we'll win, even if others tell us we don't stand a chance, we must never tell ourselves that.
Haikyuu!!;Being weak means that there is a room to grow.
Code Geass;Belief in others is an illusion concocted by the clever to exploit the stupid.
Code Geass;In their heart, everyone has faith that their victory exists. However, in the face of time and destiny, the act of faith is fruitless and fleeting at best.
Code Geass;In this world, evil can arise from the best of intentions. And there is good which can come from evil intentions.
Code Geass;I must spill yet more blood, so the blood already split will not be in vain.
Code Geass;The ideal tool for controlling people is fear. And nothing overwhelms people more than an unseen fear.
Code Geass;"I think that ""truth"" is something that is covered up most of the time."
Code Geass;A life that lives without doing anything is the same as a slow death.
Code Geass;You see, the world will not change through naive talks.
Code Geass;"I think being able to openly take away the most important thing people have... ""life""... is the best thing that ever happened!"
Code Geass; A life with no changes can’t be called life. You can only call it experience. 
Code Geass;"But the mass we call ""world"" keeps turning, ignoring our individual desires."
Code Geass;To desire some results, one must take actions.
Code Geass;Shut up! I did what I had to do. People lie to survive. No one is blameless. 
Code Geass;Death may be my only freedom.
Code Geass;Do you know the truth of the battlefield? Kill a man normally, and it's considered a crime. But kill many on the battlefield and you become a hero!
